nan,nan,nan,nan
1.6488148578023194,1.8796867580541368,1.387222035588245,1.5589313229342763
1.4703099633370527,1.6459218159899853,1.414778993327161,1.8122791142061192
