nan,nan,nan,nan
1.6692593822651314,1.8685442028531514,1.3825954007477073,1.6282748835440655
nan,nan,nan,nan
