nan,nan,nan,nan
1.4236892532872847,1.5160223905010186,1.5511901594680702,1.9091665402100344
1.6127521476632825,1.8457649984335882,1.2263594055692173,1.4874516449330062
